Target,Target_Namespace,Target_Type,Target_Method,Job_Id,Job_AnalyzeLaunchVariance,Job_EvaluateOverhead,Job_MaxAbsoluteError,Job_MaxRelativeError,Job_MinInvokeCount,Job_MinIterationTime,Job_OutlierMode,Job_Affinity,Job_EnvironmentVariables,Job_Jit,Job_Platform,Job_PowerPlanMode,Job_Runtime,Job_AllowVeryLargeObjects,Job_Concurrent,Job_CpuGroups,Job_Force,Job_HeapAffinitizeMask,Job_HeapCount,Job_NoAffinitize,Job_RetainVm,Job_Server,Job_Arguments,Job_BuildConfiguration,Job_Clock,Job_EngineFactory,Job_NuGetReferences,Job_Toolchain,Job_IsMutator,Job_InvocationCount,Job_IterationCount,Job_IterationTime,Job_LaunchCount,Job_MaxIterationCount,Job_MaxWarmupIterationCount,Job_MinIterationCount,Job_MinWarmupIterationCount,Job_RunStrategy,Job_UnrollFactor,Job_WarmupCount,Job_Display,Params,Measurement_LaunchIndex,Measurement_IterationMode,Measurement_IterationStage,Measurement_IterationIndex,Measurement_Nanoseconds,Measurement_Operations,Measurement_Value
RedisBenchmark.Get,RedisBenchmarkDotNet,RedisBenchmark,Get,Default,Default,Default,Default,Default,Default,Default,Default,Default,Default,Default,Default,Default,Default,Default,Default,Default,Default,Default,Default,Default,Default,Default,Default,Default,Default,Default,Default,Default,Default,Default,Default,Default,Default,Default,Default,Default,Default,Default,Default,Default,DefaultJob,,1,Overhead,Jitting,1,519800,1,519800
RedisBenchmark.Get,RedisBenchmarkDotNet,RedisBenchmark,Get,Default,Default,Default,Default,Default,Default,Default,Default,Default,Default,Default,Default,Default,Default,Default,Default,Default,Default,Default,Default,Default,Default,Default,Default,Default,Default,Default,Default,Default,Default,Default,Default,Default,Default,Default,Default,Default,Default,Default,Default,Default,DefaultJob,,1,Workload,Jitting,1,25546600,1,25546600
RedisBenchmark.Get,RedisBenchmarkDotNet,RedisBenchmark,Get,Default,Default,Default,Default,Default,Default,Default,Default,Default,Default,Default,Default,Default,Default,Default,Default,Default,Default,Default,Default,Default,Default,Default,Default,Default,Default,Default,Default,Default,Default,Default,Default,Default,Default,Default,Default,Default,Default,Default,Default,Default,DefaultJob,,1,Overhead,Jitting,2,890700,16,55668.75
RedisBenchmark.Get,RedisBenchmarkDotNet,RedisBenchmark,Get,Default,Default,Default,Default,Default,Default,Default,Default,Default,Default,Default,Default,Default,Default,Default,Default,Default,Default,Default,Default,Default,Default,Default,Default,Default,Default,Default,Default,Default,Default,Default,Default,Default,Default,Default,Default,Default,Default,Default,Default,Default,DefaultJob,,1,Workload,Jitting,2,8734500,16,545906.25
RedisBenchmark.Get,RedisBenchmarkDotNet,RedisBenchmark,Get,Default,Default,Default,Default,Default,Default,Default,Default,Default,Default,Default,Default,Default,Default,Default,Default,Default,Default,Default,Default,Default,Default,Default,Default,Default,Default,Default,Default,Default,Default,Default,Default,Default,Default,Default,Default,Default,Default,Default,Default,Default,DefaultJob,,1,Workload,Pilot,1,13145500,16,821593.75
RedisBenchmark.Get,RedisBenchmarkDotNet,RedisBenchmark,Get,Default,Default,Default,Default,Default,Default,Default,Default,Default,Default,Default,Default,Default,Default,Default,Default,Default,Default,Default,Default,Default,Default,Default,Default,Default,Default,Default,Default,Default,Default,Default,Default,Default,Default,Default,Default,Default,Default,Default,Default,Default,DefaultJob,,1,Workload,Pilot,2,17636100,32,551128.13
RedisBenchmark.Get,RedisBenchmarkDotNet,RedisBenchmark,Get,Default,Default,Default,Default,Default,Default,Default,Default,Default,Default,Default,Default,Default,Default,Default,Default,Default,Default,Default,Default,Default,Default,Default,Default,Default,Default,Default,Default,Default,Default,Default,Default,Default,Default,Default,Default,Default,Default,Default,Default,Default,DefaultJob,,1,Workload,Pilot,3,24027700,64,375432.81
RedisBenchmark.Get,RedisBenchmarkDotNet,RedisBenchmark,Get,Default,Default,Default,Default,Default,Default,Default,Default,Default,Default,Default,Default,Default,Default,Default,Default,Default,Default,Default,Default,Default,Default,Default,Default,Default,Default,Default,Default,Default,Default,Default,Default,Default,Default,Default,Default,Default,Default,Default,Default,Default,DefaultJob,,1,Workload,Pilot,4,40959000,128,319992.19
RedisBenchmark.Get,RedisBenchmarkDotNet,RedisBenchmark,Get,Default,Default,Default,Default,Default,Default,Default,Default,Default,Default,Default,Default,Default,Default,Default,Default,Default,Default,Default,Default,Default,Default,Default,Default,Default,Default,Default,Default,Default,Default,Default,Default,Default,Default,Default,Default,Default,Default,Default,Default,Default,DefaultJob,,1,Workload,Pilot,5,71334000,256,278648.44
RedisBenchmark.Get,RedisBenchmarkDotNet,RedisBenchmark,Get,Default,Default,Default,Default,Default,Default,Default,Default,Default,Default,Default,Default,Default,Default,Default,Default,Default,Default,Default,Default,Default,Default,Default,Default,Default,Default,Default,Default,Default,Default,Default,Default,Default,Default,Default,Default,Default,Default,Default,Default,Default,DefaultJob,,1,Workload,Pilot,6,129277700,512,252495.51
RedisBenchmark.Get,RedisBenchmarkDotNet,RedisBenchmark,Get,Default,Default,Default,Default,Default,Default,Default,Default,Default,Default,Default,Default,Default,Default,Default,Default,Default,Default,Default,Default,Default,Default,Default,Default,Default,Default,Default,Default,Default,Default,Default,Default,Default,Default,Default,Default,Default,Default,Default,Default,Default,DefaultJob,,1,Workload,Pilot,7,233933100,1024,228450.29
RedisBenchmark.Get,RedisBenchmarkDotNet,RedisBenchmark,Get,Default,Default,Default,Default,Default,Default,Default,Default,Default,Default,Default,Default,Default,Default,Default,Default,Default,Default,Default,Default,Default,Default,Default,Default,Default,Default,Default,Default,Default,Default,Default,Default,Default,Default,Default,Default,Default,Default,Default,Default,Default,DefaultJob,,1,Workload,Pilot,8,452104500,2048,220754.15
RedisBenchmark.Get,RedisBenchmarkDotNet,RedisBenchmark,Get,Default,Default,Default,Default,Default,Default,Default,Default,Default,Default,Default,Default,Default,Default,Default,Default,Default,Default,Default,Default,Default,Default,Default,Default,Default,Default,Default,Default,Default,Default,Default,Default,Default,Default,Default,Default,Default,Default,Default,Default,Default,DefaultJob,,1,Workload,Pilot,9,872288800,4096,212961.13
RedisBenchmark.Get,RedisBenchmarkDotNet,RedisBenchmark,Get,Default,Default,Default,Default,Default,Default,Default,Default,Default,Default,Default,Default,Default,Default,Default,Default,Default,Default,Default,Default,Default,Default,Default,Default,Default,Default,Default,Default,Default,Default,Default,Default,Default,Default,Default,Default,Default,Default,Default,Default,Default,DefaultJob,,1,Overhead,Warmup,1,23600,4096,5.76
RedisBenchmark.Get,RedisBenchmarkDotNet,RedisBenchmark,Get,Default,Default,Default,Default,Default,Default,Default,Default,Default,Default,Default,Default,Default,Default,Default,Default,Default,Default,Default,Default,Default,Default,Default,Default,Default,Default,Default,Default,Default,Default,Default,Default,Default,Default,Default,Default,Default,Default,Default,Default,Default,DefaultJob,,1,Overhead,Warmup,2,24700,4096,6.03
RedisBenchmark.Get,RedisBenchmarkDotNet,RedisBenchmark,Get,Default,Default,Default,Default,Default,Default,Default,Default,Default,Default,Default,Default,Default,Default,Default,Default,Default,Default,Default,Default,Default,Default,Default,Default,Default,Default,Default,Default,Default,Default,Default,Default,Default,Default,Default,Default,Default,Default,Default,Default,Default,DefaultJob,,1,Overhead,Warmup,3,21800,4096,5.32
RedisBenchmark.Get,RedisBenchmarkDotNet,RedisBenchmark,Get,Default,Default,Default,Default,Default,Default,Default,Default,Default,Default,Default,Default,Default,Default,Default,Default,Default,Default,Default,Default,Default,Default,Default,Default,Default,Default,Default,Default,Default,Default,Default,Default,Default,Default,Default,Default,Default,Default,Default,Default,Default,DefaultJob,,1,Overhead,Warmup,4,35500,4096,8.67
RedisBenchmark.Get,RedisBenchmarkDotNet,RedisBenchmark,Get,Default,Default,Default,Default,Default,Default,Default,Default,Default,Default,Default,Default,Default,Default,Default,Default,Default,Default,Default,Default,Default,Default,Default,Default,Default,Default,Default,Default,Default,Default,Default,Default,Default,Default,Default,Default,Default,Default,Default,Default,Default,DefaultJob,,1,Overhead,Warmup,5,28500,4096,6.96
RedisBenchmark.Get,RedisBenchmarkDotNet,RedisBenchmark,Get,Default,Default,Default,Default,Default,Default,Default,Default,Default,Default,Default,Default,Default,Default,Default,Default,Default,Default,Default,Default,Default,Default,Default,Default,Default,Default,Default,Default,Default,Default,Default,Default,Default,Default,Default,Default,Default,Default,Default,Default,Default,DefaultJob,,1,Overhead,Actual,1,21800,4096,5.32
RedisBenchmark.Get,RedisBenchmarkDotNet,RedisBenchmark,Get,Default,Default,Default,Default,Default,Default,Default,Default,Default,Default,Default,Default,Default,Default,Default,Default,Default,Default,Default,Default,Default,Default,Default,Default,Default,Default,Default,Default,Default,Default,Default,Default,Default,Default,Default,Default,Default,Default,Default,Default,Default,DefaultJob,,1,Overhead,Actual,2,21900,4096,5.35
RedisBenchmark.Get,RedisBenchmarkDotNet,RedisBenchmark,Get,Default,Default,Default,Default,Default,Default,Default,Default,Default,Default,Default,Default,Default,Default,Default,Default,Default,Default,Default,Default,Default,Default,Default,Default,Default,Default,Default,Default,Default,Default,Default,Default,Default,Default,Default,Default,Default,Default,Default,Default,Default,DefaultJob,,1,Overhead,Actual,3,22300,4096,5.44
RedisBenchmark.Get,RedisBenchmarkDotNet,RedisBenchmark,Get,Default,Default,Default,Default,Default,Default,Default,Default,Default,Default,Default,Default,Default,Default,Default,Default,Default,Default,Default,Default,Default,Default,Default,Default,Default,Default,Default,Default,Default,Default,Default,Default,Default,Default,Default,Default,Default,Default,Default,Default,Default,DefaultJob,,1,Overhead,Actual,4,39500,4096,9.64
RedisBenchmark.Get,RedisBenchmarkDotNet,RedisBenchmark,Get,Default,Default,Default,Default,Default,Default,Default,Default,Default,Default,Default,Default,Default,Default,Default,Default,Default,Default,Default,Default,Default,Default,Default,Default,Default,Default,Default,Default,Default,Default,Default,Default,Default,Default,Default,Default,Default,Default,Default,Default,Default,DefaultJob,,1,Overhead,Actual,5,111300,4096,27.17
RedisBenchmark.Get,RedisBenchmarkDotNet,RedisBenchmark,Get,Default,Default,Default,Default,Default,Default,Default,Default,Default,Default,Default,Default,Default,Default,Default,Default,Default,Default,Default,Default,Default,Default,Default,Default,Default,Default,Default,Default,Default,Default,Default,Default,Default,Default,Default,Default,Default,Default,Default,Default,Default,DefaultJob,,1,Overhead,Actual,6,36400,4096,8.89
RedisBenchmark.Get,RedisBenchmarkDotNet,RedisBenchmark,Get,Default,Default,Default,Default,Default,Default,Default,Default,Default,Default,Default,Default,Default,Default,Default,Default,Default,Default,Default,Default,Default,Default,Default,Default,Default,Default,Default,Default,Default,Default,Default,Default,Default,Default,Default,Default,Default,Default,Default,Default,Default,DefaultJob,,1,Overhead,Actual,7,22500,4096,5.49
RedisBenchmark.Get,RedisBenchmarkDotNet,RedisBenchmark,Get,Default,Default,Default,Default,Default,Default,Default,Default,Default,Default,Default,Default,Default,Default,Default,Default,Default,Default,Default,Default,Default,Default,Default,Default,Default,Default,Default,Default,Default,Default,Default,Default,Default,Default,Default,Default,Default,Default,Default,Default,Default,DefaultJob,,1,Overhead,Actual,8,22100,4096,5.4
RedisBenchmark.Get,RedisBenchmarkDotNet,RedisBenchmark,Get,Default,Default,Default,Default,Default,Default,Default,Default,Default,Default,Default,Default,Default,Default,Default,Default,Default,Default,Default,Default,Default,Default,Default,Default,Default,Default,Default,Default,Default,Default,Default,Default,Default,Default,Default,Default,Default,Default,Default,Default,Default,DefaultJob,,1,Overhead,Actual,9,21900,4096,5.35
RedisBenchmark.Get,RedisBenchmarkDotNet,RedisBenchmark,Get,Default,Default,Default,Default,Default,Default,Default,Default,Default,Default,Default,Default,Default,Default,Default,Default,Default,Default,Default,Default,Default,Default,Default,Default,Default,Default,Default,Default,Default,Default,Default,Default,Default,Default,Default,Default,Default,Default,Default,Default,Default,DefaultJob,,1,Overhead,Actual,10,25500,4096,6.23
RedisBenchmark.Get,RedisBenchmarkDotNet,RedisBenchmark,Get,Default,Default,Default,Default,Default,Default,Default,Default,Default,Default,Default,Default,Default,Default,Default,Default,Default,Default,Default,Default,Default,Default,Default,Default,Default,Default,Default,Default,Default,Default,Default,Default,Default,Default,Default,Default,Default,Default,Default,Default,Default,DefaultJob,,1,Overhead,Actual,11,22000,4096,5.37
RedisBenchmark.Get,RedisBenchmarkDotNet,RedisBenchmark,Get,Default,Default,Default,Default,Default,Default,Default,Default,Default,Default,Default,Default,Default,Default,Default,Default,Default,Default,Default,Default,Default,Default,Default,Default,Default,Default,Default,Default,Default,Default,Default,Default,Default,Default,Default,Default,Default,Default,Default,Default,Default,DefaultJob,,1,Overhead,Actual,12,23300,4096,5.69
RedisBenchmark.Get,RedisBenchmarkDotNet,RedisBenchmark,Get,Default,Default,Default,Default,Default,Default,Default,Default,Default,Default,Default,Default,Default,Default,Default,Default,Default,Default,Default,Default,Default,Default,Default,Default,Default,Default,Default,Default,Default,Default,Default,Default,Default,Default,Default,Default,Default,Default,Default,Default,Default,DefaultJob,,1,Overhead,Actual,13,24400,4096,5.96
RedisBenchmark.Get,RedisBenchmarkDotNet,RedisBenchmark,Get,Default,Default,Default,Default,Default,Default,Default,Default,Default,Default,Default,Default,Default,Default,Default,Default,Default,Default,Default,Default,Default,Default,Default,Default,Default,Default,Default,Default,Default,Default,Default,Default,Default,Default,Default,Default,Default,Default,Default,Default,Default,DefaultJob,,1,Overhead,Actual,14,24600,4096,6.01
RedisBenchmark.Get,RedisBenchmarkDotNet,RedisBenchmark,Get,Default,Default,Default,Default,Default,Default,Default,Default,Default,Default,Default,Default,Default,Default,Default,Default,Default,Default,Default,Default,Default,Default,Default,Default,Default,Default,Default,Default,Default,Default,Default,Default,Default,Default,Default,Default,Default,Default,Default,Default,Default,DefaultJob,,1,Overhead,Actual,15,22600,4096,5.52
RedisBenchmark.Get,RedisBenchmarkDotNet,RedisBenchmark,Get,Default,Default,Default,Default,Default,Default,Default,Default,Default,Default,Default,Default,Default,Default,Default,Default,Default,Default,Default,Default,Default,Default,Default,Default,Default,Default,Default,Default,Default,Default,Default,Default,Default,Default,Default,Default,Default,Default,Default,Default,Default,DefaultJob,,1,Overhead,Actual,16,27500,4096,6.71
RedisBenchmark.Get,RedisBenchmarkDotNet,RedisBenchmark,Get,Default,Default,Default,Default,Default,Default,Default,Default,Default,Default,Default,Default,Default,Default,Default,Default,Default,Default,Default,Default,Default,Default,Default,Default,Default,Default,Default,Default,Default,Default,Default,Default,Default,Default,Default,Default,Default,Default,Default,Default,Default,DefaultJob,,1,Overhead,Actual,17,30200,4096,7.37
RedisBenchmark.Get,RedisBenchmarkDotNet,RedisBenchmark,Get,Default,Default,Default,Default,Default,Default,Default,Default,Default,Default,Default,Default,Default,Default,Default,Default,Default,Default,Default,Default,Default,Default,Default,Default,Default,Default,Default,Default,Default,Default,Default,Default,Default,Default,Default,Default,Default,Default,Default,Default,Default,DefaultJob,,1,Overhead,Actual,18,23700,4096,5.79
RedisBenchmark.Get,RedisBenchmarkDotNet,RedisBenchmark,Get,Default,Default,Default,Default,Default,Default,Default,Default,Default,Default,Default,Default,Default,Default,Default,Default,Default,Default,Default,Default,Default,Default,Default,Default,Default,Default,Default,Default,Default,Default,Default,Default,Default,Default,Default,Default,Default,Default,Default,Default,Default,DefaultJob,,1,Overhead,Actual,19,21900,4096,5.35
RedisBenchmark.Get,RedisBenchmarkDotNet,RedisBenchmark,Get,Default,Default,Default,Default,Default,Default,Default,Default,Default,Default,Default,Default,Default,Default,Default,Default,Default,Default,Default,Default,Default,Default,Default,Default,Default,Default,Default,Default,Default,Default,Default,Default,Default,Default,Default,Default,Default,Default,Default,Default,Default,DefaultJob,,1,Overhead,Actual,20,22000,4096,5.37
RedisBenchmark.Get,RedisBenchmarkDotNet,RedisBenchmark,Get,Default,Default,Default,Default,Default,Default,Default,Default,Default,Default,Default,Default,Default,Default,Default,Default,Default,Default,Default,Default,Default,Default,Default,Default,Default,Default,Default,Default,Default,Default,Default,Default,Default,Default,Default,Default,Default,Default,Default,Default,Default,DefaultJob,,1,Workload,Warmup,1,884397800,4096,215917.43
RedisBenchmark.Get,RedisBenchmarkDotNet,RedisBenchmark,Get,Default,Default,Default,Default,Default,Default,Default,Default,Default,Default,Default,Default,Default,Default,Default,Default,Default,Default,Default,Default,Default,Default,Default,Default,Default,Default,Default,Default,Default,Default,Default,Default,Default,Default,Default,Default,Default,Default,Default,Default,Default,DefaultJob,,1,Workload,Warmup,2,874317400,4096,213456.4
RedisBenchmark.Get,RedisBenchmarkDotNet,RedisBenchmark,Get,Default,Default,Default,Default,Default,Default,Default,Default,Default,Default,Default,Default,Default,Default,Default,Default,Default,Default,Default,Default,Default,Default,Default,Default,Default,Default,Default,Default,Default,Default,Default,Default,Default,Default,Default,Default,Default,Default,Default,Default,Default,DefaultJob,,1,Workload,Warmup,3,863095600,4096,210716.7
RedisBenchmark.Get,RedisBenchmarkDotNet,RedisBenchmark,Get,Default,Default,Default,Default,Default,Default,Default,Default,Default,Default,Default,Default,Default,Default,Default,Default,Default,Default,Default,Default,Default,Default,Default,Default,Default,Default,Default,Default,Default,Default,Default,Default,Default,Default,Default,Default,Default,Default,Default,Default,Default,DefaultJob,,1,Workload,Warmup,4,870528900,4096,212531.47
RedisBenchmark.Get,RedisBenchmarkDotNet,RedisBenchmark,Get,Default,Default,Default,Default,Default,Default,Default,Default,Default,Default,Default,Default,Default,Default,Default,Default,Default,Default,Default,Default,Default,Default,Default,Default,Default,Default,Default,Default,Default,Default,Default,Default,Default,Default,Default,Default,Default,Default,Default,Default,Default,DefaultJob,,1,Workload,Warmup,5,874944500,4096,213609.5
RedisBenchmark.Get,RedisBenchmarkDotNet,RedisBenchmark,Get,Default,Default,Default,Default,Default,Default,Default,Default,Default,Default,Default,Default,Default,Default,Default,Default,Default,Default,Default,Default,Default,Default,Default,Default,Default,Default,Default,Default,Default,Default,Default,Default,Default,Default,Default,Default,Default,Default,Default,Default,Default,DefaultJob,,1,Workload,Warmup,6,866458200,4096,211537.65
RedisBenchmark.Get,RedisBenchmarkDotNet,RedisBenchmark,Get,Default,Default,Default,Default,Default,Default,Default,Default,Default,Default,Default,Default,Default,Default,Default,Default,Default,Default,Default,Default,Default,Default,Default,Default,Default,Default,Default,Default,Default,Default,Default,Default,Default,Default,Default,Default,Default,Default,Default,Default,Default,DefaultJob,,1,Workload,Warmup,7,865199200,4096,211230.27
RedisBenchmark.Get,RedisBenchmarkDotNet,RedisBenchmark,Get,Default,Default,Default,Default,Default,Default,Default,Default,Default,Default,Default,Default,Default,Default,Default,Default,Default,Default,Default,Default,Default,Default,Default,Default,Default,Default,Default,Default,Default,Default,Default,Default,Default,Default,Default,Default,Default,Default,Default,Default,Default,DefaultJob,,1,Workload,Warmup,8,868454400,4096,212025
RedisBenchmark.Get,RedisBenchmarkDotNet,RedisBenchmark,Get,Default,Default,Default,Default,Default,Default,Default,Default,Default,Default,Default,Default,Default,Default,Default,Default,Default,Default,Default,Default,Default,Default,Default,Default,Default,Default,Default,Default,Default,Default,Default,Default,Default,Default,Default,Default,Default,Default,Default,Default,Default,DefaultJob,,1,Workload,Warmup,9,863331700,4096,210774.34
RedisBenchmark.Get,RedisBenchmarkDotNet,RedisBenchmark,Get,Default,Default,Default,Default,Default,Default,Default,Default,Default,Default,Default,Default,Default,Default,Default,Default,Default,Default,Default,Default,Default,Default,Default,Default,Default,Default,Default,Default,Default,Default,Default,Default,Default,Default,Default,Default,Default,Default,Default,Default,Default,DefaultJob,,1,Workload,Actual,1,865519000,4096,211308.35
RedisBenchmark.Get,RedisBenchmarkDotNet,RedisBenchmark,Get,Default,Default,Default,Default,Default,Default,Default,Default,Default,Default,Default,Default,Default,Default,Default,Default,Default,Default,Default,Default,Default,Default,Default,Default,Default,Default,Default,Default,Default,Default,Default,Default,Default,Default,Default,Default,Default,Default,Default,Default,Default,DefaultJob,,1,Workload,Actual,2,859289800,4096,209787.55
RedisBenchmark.Get,RedisBenchmarkDotNet,RedisBenchmark,Get,Default,Default,Default,Default,Default,Default,Default,Default,Default,Default,Default,Default,Default,Default,Default,Default,Default,Default,Default,Default,Default,Default,Default,Default,Default,Default,Default,Default,Default,Default,Default,Default,Default,Default,Default,Default,Default,Default,Default,Default,Default,DefaultJob,,1,Workload,Actual,3,872497700,4096,213012.13
RedisBenchmark.Get,RedisBenchmarkDotNet,RedisBenchmark,Get,Default,Default,Default,Default,Default,Default,Default,Default,Default,Default,Default,Default,Default,Default,Default,Default,Default,Default,Default,Default,Default,Default,Default,Default,Default,Default,Default,Default,Default,Default,Default,Default,Default,Default,Default,Default,Default,Default,Default,Default,Default,DefaultJob,,1,Workload,Actual,4,901856200,4096,220179.74
RedisBenchmark.Get,RedisBenchmarkDotNet,RedisBenchmark,Get,Default,Default,Default,Default,Default,Default,Default,Default,Default,Default,Default,Default,Default,Default,Default,Default,Default,Default,Default,Default,Default,Default,Default,Default,Default,Default,Default,Default,Default,Default,Default,Default,Default,Default,Default,Default,Default,Default,Default,Default,Default,DefaultJob,,1,Workload,Actual,5,870305600,4096,212476.95
RedisBenchmark.Get,RedisBenchmarkDotNet,RedisBenchmark,Get,Default,Default,Default,Default,Default,Default,Default,Default,Default,Default,Default,Default,Default,Default,Default,Default,Default,Default,Default,Default,Default,Default,Default,Default,Default,Default,Default,Default,Default,Default,Default,Default,Default,Default,Default,Default,Default,Default,Default,Default,Default,DefaultJob,,1,Workload,Actual,6,873276900,4096,213202.37
RedisBenchmark.Get,RedisBenchmarkDotNet,RedisBenchmark,Get,Default,Default,Default,Default,Default,Default,Default,Default,Default,Default,Default,Default,Default,Default,Default,Default,Default,Default,Default,Default,Default,Default,Default,Default,Default,Default,Default,Default,Default,Default,Default,Default,Default,Default,Default,Default,Default,Default,Default,Default,Default,DefaultJob,,1,Workload,Actual,7,879363800,4096,214688.43
RedisBenchmark.Get,RedisBenchmarkDotNet,RedisBenchmark,Get,Default,Default,Default,Default,Default,Default,Default,Default,Default,Default,Default,Default,Default,Default,Default,Default,Default,Default,Default,Default,Default,Default,Default,Default,Default,Default,Default,Default,Default,Default,Default,Default,Default,Default,Default,Default,Default,Default,Default,Default,Default,DefaultJob,,1,Workload,Actual,8,868643200,4096,212071.09
RedisBenchmark.Get,RedisBenchmarkDotNet,RedisBenchmark,Get,Default,Default,Default,Default,Default,Default,Default,Default,Default,Default,Default,Default,Default,Default,Default,Default,Default,Default,Default,Default,Default,Default,Default,Default,Default,Default,Default,Default,Default,Default,Default,Default,Default,Default,Default,Default,Default,Default,Default,Default,Default,DefaultJob,,1,Workload,Actual,9,869441700,4096,212266.04
RedisBenchmark.Get,RedisBenchmarkDotNet,RedisBenchmark,Get,Default,Default,Default,Default,Default,Default,Default,Default,Default,Default,Default,Default,Default,Default,Default,Default,Default,Default,Default,Default,Default,Default,Default,Default,Default,Default,Default,Default,Default,Default,Default,Default,Default,Default,Default,Default,Default,Default,Default,Default,Default,DefaultJob,,1,Workload,Actual,10,865615800,4096,211331.98
RedisBenchmark.Get,RedisBenchmarkDotNet,RedisBenchmark,Get,Default,Default,Default,Default,Default,Default,Default,Default,Default,Default,Default,Default,Default,Default,Default,Default,Default,Default,Default,Default,Default,Default,Default,Default,Default,Default,Default,Default,Default,Default,Default,Default,Default,Default,Default,Default,Default,Default,Default,Default,Default,DefaultJob,,1,Workload,Actual,11,890875200,4096,217498.83
RedisBenchmark.Get,RedisBenchmarkDotNet,RedisBenchmark,Get,Default,Default,Default,Default,Default,Default,Default,Default,Default,Default,Default,Default,Default,Default,Default,Default,Default,Default,Default,Default,Default,Default,Default,Default,Default,Default,Default,Default,Default,Default,Default,Default,Default,Default,Default,Default,Default,Default,Default,Default,Default,DefaultJob,,1,Workload,Actual,12,873377400,4096,213226.9
RedisBenchmark.Get,RedisBenchmarkDotNet,RedisBenchmark,Get,Default,Default,Default,Default,Default,Default,Default,Default,Default,Default,Default,Default,Default,Default,Default,Default,Default,Default,Default,Default,Default,Default,Default,Default,Default,Default,Default,Default,Default,Default,Default,Default,Default,Default,Default,Default,Default,Default,Default,Default,Default,DefaultJob,,1,Workload,Actual,13,878816900,4096,214554.91
RedisBenchmark.Get,RedisBenchmarkDotNet,RedisBenchmark,Get,Default,Default,Default,Default,Default,Default,Default,Default,Default,Default,Default,Default,Default,Default,Default,Default,Default,Default,Default,Default,Default,Default,Default,Default,Default,Default,Default,Default,Default,Default,Default,Default,Default,Default,Default,Default,Default,Default,Default,Default,Default,DefaultJob,,1,Workload,Actual,14,873181100,4096,213178.98
RedisBenchmark.Get,RedisBenchmarkDotNet,RedisBenchmark,Get,Default,Default,Default,Default,Default,Default,Default,Default,Default,Default,Default,Default,Default,Default,Default,Default,Default,Default,Default,Default,Default,Default,Default,Default,Default,Default,Default,Default,Default,Default,Default,Default,Default,Default,Default,Default,Default,Default,Default,Default,Default,DefaultJob,,1,Workload,Actual,15,867483100,4096,211787.87
RedisBenchmark.Get,RedisBenchmarkDotNet,RedisBenchmark,Get,Default,Default,Default,Default,Default,Default,Default,Default,Default,Default,Default,Default,Default,Default,Default,Default,Default,Default,Default,Default,Default,Default,Default,Default,Default,Default,Default,Default,Default,Default,Default,Default,Default,Default,Default,Default,Default,Default,Default,Default,Default,DefaultJob,,1,Workload,Result,1,865496050,4096,211302.75
RedisBenchmark.Get,RedisBenchmarkDotNet,RedisBenchmark,Get,Default,Default,Default,Default,Default,Default,Default,Default,Default,Default,Default,Default,Default,Default,Default,Default,Default,Default,Default,Default,Default,Default,Default,Default,Default,Default,Default,Default,Default,Default,Default,Default,Default,Default,Default,Default,Default,Default,Default,Default,Default,DefaultJob,,1,Workload,Result,2,859266850,4096,209781.95
RedisBenchmark.Get,RedisBenchmarkDotNet,RedisBenchmark,Get,Default,Default,Default,Default,Default,Default,Default,Default,Default,Default,Default,Default,Default,Default,Default,Default,Default,Default,Default,Default,Default,Default,Default,Default,Default,Default,Default,Default,Default,Default,Default,Default,Default,Default,Default,Default,Default,Default,Default,Default,Default,DefaultJob,,1,Workload,Result,3,872474750,4096,213006.53
RedisBenchmark.Get,RedisBenchmarkDotNet,RedisBenchmark,Get,Default,Default,Default,Default,Default,Default,Default,Default,Default,Default,Default,Default,Default,Default,Default,Default,Default,Default,Default,Default,Default,Default,Default,Default,Default,Default,Default,Default,Default,Default,Default,Default,Default,Default,Default,Default,Default,Default,Default,Default,Default,DefaultJob,,1,Workload,Result,4,870282650,4096,212471.35
RedisBenchmark.Get,RedisBenchmarkDotNet,RedisBenchmark,Get,Default,Default,Default,Default,Default,Default,Default,Default,Default,Default,Default,Default,Default,Default,Default,Default,Default,Default,Default,Default,Default,Default,Default,Default,Default,Default,Default,Default,Default,Default,Default,Default,Default,Default,Default,Default,Default,Default,Default,Default,Default,DefaultJob,,1,Workload,Result,5,873253950,4096,213196.77
RedisBenchmark.Get,RedisBenchmarkDotNet,RedisBenchmark,Get,Default,Default,Default,Default,Default,Default,Default,Default,Default,Default,Default,Default,Default,Default,Default,Default,Default,Default,Default,Default,Default,Default,Default,Default,Default,Default,Default,Default,Default,Default,Default,Default,Default,Default,Default,Default,Default,Default,Default,Default,Default,DefaultJob,,1,Workload,Result,6,879340850,4096,214682.82
RedisBenchmark.Get,RedisBenchmarkDotNet,RedisBenchmark,Get,Default,Default,Default,Default,Default,Default,Default,Default,Default,Default,Default,Default,Default,Default,Default,Default,Default,Default,Default,Default,Default,Default,Default,Default,Default,Default,Default,Default,Default,Default,Default,Default,Default,Default,Default,Default,Default,Default,Default,Default,Default,DefaultJob,,1,Workload,Result,7,868620250,4096,212065.49
RedisBenchmark.Get,RedisBenchmarkDotNet,RedisBenchmark,Get,Default,Default,Default,Default,Default,Default,Default,Default,Default,Default,Default,Default,Default,Default,Default,Default,Default,Default,Default,Default,Default,Default,Default,Default,Default,Default,Default,Default,Default,Default,Default,Default,Default,Default,Default,Default,Default,Default,Default,Default,Default,DefaultJob,,1,Workload,Result,8,869418750,4096,212260.44
RedisBenchmark.Get,RedisBenchmarkDotNet,RedisBenchmark,Get,Default,Default,Default,Default,Default,Default,Default,Default,Default,Default,Default,Default,Default,Default,Default,Default,Default,Default,Default,Default,Default,Default,Default,Default,Default,Default,Default,Default,Default,Default,Default,Default,Default,Default,Default,Default,Default,Default,Default,Default,Default,DefaultJob,,1,Workload,Result,9,865592850,4096,211326.38
RedisBenchmark.Get,RedisBenchmarkDotNet,RedisBenchmark,Get,Default,Default,Default,Default,Default,Default,Default,Default,Default,Default,Default,Default,Default,Default,Default,Default,Default,Default,Default,Default,Default,Default,Default,Default,Default,Default,Default,Default,Default,Default,Default,Default,Default,Default,Default,Default,Default,Default,Default,Default,Default,DefaultJob,,1,Workload,Result,10,890852250,4096,217493.23
RedisBenchmark.Get,RedisBenchmarkDotNet,RedisBenchmark,Get,Default,Default,Default,Default,Default,Default,Default,Default,Default,Default,Default,Default,Default,Default,Default,Default,Default,Default,Default,Default,Default,Default,Default,Default,Default,Default,Default,Default,Default,Default,Default,Default,Default,Default,Default,Default,Default,Default,Default,Default,Default,DefaultJob,,1,Workload,Result,11,873354450,4096,213221.3
RedisBenchmark.Get,RedisBenchmarkDotNet,RedisBenchmark,Get,Default,Default,Default,Default,Default,Default,Default,Default,Default,Default,Default,Default,Default,Default,Default,Default,Default,Default,Default,Default,Default,Default,Default,Default,Default,Default,Default,Default,Default,Default,Default,Default,Default,Default,Default,Default,Default,Default,Default,Default,Default,DefaultJob,,1,Workload,Result,12,878793950,4096,214549.3
RedisBenchmark.Get,RedisBenchmarkDotNet,RedisBenchmark,Get,Default,Default,Default,Default,Default,Default,Default,Default,Default,Default,Default,Default,Default,Default,Default,Default,Default,Default,Default,Default,Default,Default,Default,Default,Default,Default,Default,Default,Default,Default,Default,Default,Default,Default,Default,Default,Default,Default,Default,Default,Default,DefaultJob,,1,Workload,Result,13,873158150,4096,213173.38
RedisBenchmark.Get,RedisBenchmarkDotNet,RedisBenchmark,Get,Default,Default,Default,Default,Default,Default,Default,Default,Default,Default,Default,Default,Default,Default,Default,Default,Default,Default,Default,Default,Default,Default,Default,Default,Default,Default,Default,Default,Default,Default,Default,Default,Default,Default,Default,Default,Default,Default,Default,Default,Default,DefaultJob,,1,Workload,Result,14,867460150,4096,211782.26
RedisBenchmark.Set,RedisBenchmarkDotNet,RedisBenchmark,Set,Default,Default,Default,Default,Default,Default,Default,Default,Default,Default,Default,Default,Default,Default,Default,Default,Default,Default,Default,Default,Default,Default,Default,Default,Default,Default,Default,Default,Default,Default,Default,Default,Default,Default,Default,Default,Default,Default,Default,Default,Default,DefaultJob,,1,Overhead,Jitting,1,393300,1,393300
RedisBenchmark.Set,RedisBenchmarkDotNet,RedisBenchmark,Set,Default,Default,Default,Default,Default,Default,Default,Default,Default,Default,Default,Default,Default,Default,Default,Default,Default,Default,Default,Default,Default,Default,Default,Default,Default,Default,Default,Default,Default,Default,Default,Default,Default,Default,Default,Default,Default,Default,Default,Default,Default,DefaultJob,,1,Workload,Jitting,1,24343300,1,24343300
RedisBenchmark.Set,RedisBenchmarkDotNet,RedisBenchmark,Set,Default,Default,Default,Default,Default,Default,Default,Default,Default,Default,Default,Default,Default,Default,Default,Default,Default,Default,Default,Default,Default,Default,Default,Default,Default,Default,Default,Default,Default,Default,Default,Default,Default,Default,Default,Default,Default,Default,Default,Default,Default,DefaultJob,,1,Overhead,Jitting,2,2404200,16,150262.5
RedisBenchmark.Set,RedisBenchmarkDotNet,RedisBenchmark,Set,Default,Default,Default,Default,Default,Default,Default,Default,Default,Default,Default,Default,Default,Default,Default,Default,Default,Default,Default,Default,Default,Default,Default,Default,Default,Default,Default,Default,Default,Default,Default,Default,Default,Default,Default,Default,Default,Default,Default,Default,Default,DefaultJob,,1,Workload,Jitting,2,11785300,16,736581.25
RedisBenchmark.Set,RedisBenchmarkDotNet,RedisBenchmark,Set,Default,Default,Default,Default,Default,Default,Default,Default,Default,Default,Default,Default,Default,Default,Default,Default,Default,Default,Default,Default,Default,Default,Default,Default,Default,Default,Default,Default,Default,Default,Default,Default,Default,Default,Default,Default,Default,Default,Default,Default,Default,DefaultJob,,1,Workload,Pilot,1,7818500,16,488656.25
RedisBenchmark.Set,RedisBenchmarkDotNet,RedisBenchmark,Set,Default,Default,Default,Default,Default,Default,Default,Default,Default,Default,Default,Default,Default,Default,Default,Default,Default,Default,Default,Default,Default,Default,Default,Default,Default,Default,Default,Default,Default,Default,Default,Default,Default,Default,Default,Default,Default,Default,Default,Default,Default,DefaultJob,,1,Workload,Pilot,2,20431100,32,638471.88
RedisBenchmark.Set,RedisBenchmarkDotNet,RedisBenchmark,Set,Default,Default,Default,Default,Default,Default,Default,Default,Default,Default,Default,Default,Default,Default,Default,Default,Default,Default,Default,Default,Default,Default,Default,Default,Default,Default,Default,Default,Default,Default,Default,Default,Default,Default,Default,Default,Default,Default,Default,Default,Default,DefaultJob,,1,Workload,Pilot,3,34239000,64,534984.38
RedisBenchmark.Set,RedisBenchmarkDotNet,RedisBenchmark,Set,Default,Default,Default,Default,Default,Default,Default,Default,Default,Default,Default,Default,Default,Default,Default,Default,Default,Default,Default,Default,Default,Default,Default,Default,Default,Default,Default,Default,Default,Default,Default,Default,Default,Default,Default,Default,Default,Default,Default,Default,Default,DefaultJob,,1,Workload,Pilot,4,51169500,128,399761.72
RedisBenchmark.Set,RedisBenchmarkDotNet,RedisBenchmark,Set,Default,Default,Default,Default,Default,Default,Default,Default,Default,Default,Default,Default,Default,Default,Default,Default,Default,Default,Default,Default,Default,Default,Default,Default,Default,Default,Default,Default,Default,Default,Default,Default,Default,Default,Default,Default,Default,Default,Default,Default,Default,DefaultJob,,1,Workload,Pilot,5,93601600,256,365631.25
RedisBenchmark.Set,RedisBenchmarkDotNet,RedisBenchmark,Set,Default,Default,Default,Default,Default,Default,Default,Default,Default,Default,Default,Default,Default,Default,Default,Default,Default,Default,Default,Default,Default,Default,Default,Default,Default,Default,Default,Default,Default,Default,Default,Default,Default,Default,Default,Default,Default,Default,Default,Default,Default,DefaultJob,,1,Workload,Pilot,6,177489500,512,346659.18
RedisBenchmark.Set,RedisBenchmarkDotNet,RedisBenchmark,Set,Default,Default,Default,Default,Default,Default,Default,Default,Default,Default,Default,Default,Default,Default,Default,Default,Default,Default,Default,Default,Default,Default,Default,Default,Default,Default,Default,Default,Default,Default,Default,Default,Default,Default,Default,Default,Default,Default,Default,Default,Default,DefaultJob,,1,Workload,Pilot,7,342675400,1024,334643.95
RedisBenchmark.Set,RedisBenchmarkDotNet,RedisBenchmark,Set,Default,Default,Default,Default,Default,Default,Default,Default,Default,Default,Default,Default,Default,Default,Default,Default,Default,Default,Default,Default,Default,Default,Default,Default,Default,Default,Default,Default,Default,Default,Default,Default,Default,Default,Default,Default,Default,Default,Default,Default,Default,DefaultJob,,1,Workload,Pilot,8,659876900,2048,322205.52
RedisBenchmark.Set,RedisBenchmarkDotNet,RedisBenchmark,Set,Default,Default,Default,Default,Default,Default,Default,Default,Default,Default,Default,Default,Default,Default,Default,Default,Default,Default,Default,Default,Default,Default,Default,Default,Default,Default,Default,Default,Default,Default,Default,Default,Default,Default,Default,Default,Default,Default,Default,Default,Default,DefaultJob,,1,Overhead,Warmup,1,7300,2048,3.56
RedisBenchmark.Set,RedisBenchmarkDotNet,RedisBenchmark,Set,Default,Default,Default,Default,Default,Default,Default,Default,Default,Default,Default,Default,Default,Default,Default,Default,Default,Default,Default,Default,Default,Default,Default,Default,Default,Default,Default,Default,Default,Default,Default,Default,Default,Default,Default,Default,Default,Default,Default,Default,Default,DefaultJob,,1,Overhead,Warmup,2,4700,2048,2.29
RedisBenchmark.Set,RedisBenchmarkDotNet,RedisBenchmark,Set,Default,Default,Default,Default,Default,Default,Default,Default,Default,Default,Default,Default,Default,Default,Default,Default,Default,Default,Default,Default,Default,Default,Default,Default,Default,Default,Default,Default,Default,Default,Default,Default,Default,Default,Default,Default,Default,Default,Default,Default,Default,DefaultJob,,1,Overhead,Warmup,3,4800,2048,2.34
RedisBenchmark.Set,RedisBenchmarkDotNet,RedisBenchmark,Set,Default,Default,Default,Default,Default,Default,Default,Default,Default,Default,Default,Default,Default,Default,Default,Default,Default,Default,Default,Default,Default,Default,Default,Default,Default,Default,Default,Default,Default,Default,Default,Default,Default,Default,Default,Default,Default,Default,Default,Default,Default,DefaultJob,,1,Overhead,Warmup,4,4700,2048,2.29
RedisBenchmark.Set,RedisBenchmarkDotNet,RedisBenchmark,Set,Default,Default,Default,Default,Default,Default,Default,Default,Default,Default,Default,Default,Default,Default,Default,Default,Default,Default,Default,Default,Default,Default,Default,Default,Default,Default,Default,Default,Default,Default,Default,Default,Default,Default,Default,Default,Default,Default,Default,Default,Default,DefaultJob,,1,Overhead,Warmup,5,18800,2048,9.18
RedisBenchmark.Set,RedisBenchmarkDotNet,RedisBenchmark,Set,Default,Default,Default,Default,Default,Default,Default,Default,Default,Default,Default,Default,Default,Default,Default,Default,Default,Default,Default,Default,Default,Default,Default,Default,Default,Default,Default,Default,Default,Default,Default,Default,Default,Default,Default,Default,Default,Default,Default,Default,Default,DefaultJob,,1,Overhead,Warmup,6,4600,2048,2.25
RedisBenchmark.Set,RedisBenchmarkDotNet,RedisBenchmark,Set,Default,Default,Default,Default,Default,Default,Default,Default,Default,Default,Default,Default,Default,Default,Default,Default,Default,Default,Default,Default,Default,Default,Default,Default,Default,Default,Default,Default,Default,Default,Default,Default,Default,Default,Default,Default,Default,Default,Default,Default,Default,DefaultJob,,1,Overhead,Actual,1,6100,2048,2.98
RedisBenchmark.Set,RedisBenchmarkDotNet,RedisBenchmark,Set,Default,Default,Default,Default,Default,Default,Default,Default,Default,Default,Default,Default,Default,Default,Default,Default,Default,Default,Default,Default,Default,Default,Default,Default,Default,Default,Default,Default,Default,Default,Default,Default,Default,Default,Default,Default,Default,Default,Default,Default,Default,DefaultJob,,1,Overhead,Actual,2,4800,2048,2.34
RedisBenchmark.Set,RedisBenchmarkDotNet,RedisBenchmark,Set,Default,Default,Default,Default,Default,Default,Default,Default,Default,Default,Default,Default,Default,Default,Default,Default,Default,Default,Default,Default,Default,Default,Default,Default,Default,Default,Default,Default,Default,Default,Default,Default,Default,Default,Default,Default,Default,Default,Default,Default,Default,DefaultJob,,1,Overhead,Actual,3,23100,2048,11.28
RedisBenchmark.Set,RedisBenchmarkDotNet,RedisBenchmark,Set,Default,Default,Default,Default,Default,Default,Default,Default,Default,Default,Default,Default,Default,Default,Default,Default,Default,Default,Default,Default,Default,Default,Default,Default,Default,Default,Default,Default,Default,Default,Default,Default,Default,Default,Default,Default,Default,Default,Default,Default,Default,DefaultJob,,1,Overhead,Actual,4,4800,2048,2.34
RedisBenchmark.Set,RedisBenchmarkDotNet,RedisBenchmark,Set,Default,Default,Default,Default,Default,Default,Default,Default,Default,Default,Default,Default,Default,Default,Default,Default,Default,Default,Default,Default,Default,Default,Default,Default,Default,Default,Default,Default,Default,Default,Default,Default,Default,Default,Default,Default,Default,Default,Default,Default,Default,DefaultJob,,1,Overhead,Actual,5,8200,2048,4
RedisBenchmark.Set,RedisBenchmarkDotNet,RedisBenchmark,Set,Default,Default,Default,Default,Default,Default,Default,Default,Default,Default,Default,Default,Default,Default,Default,Default,Default,Default,Default,Default,Default,Default,Default,Default,Default,Default,Default,Default,Default,Default,Default,Default,Default,Default,Default,Default,Default,Default,Default,Default,Default,DefaultJob,,1,Overhead,Actual,6,4900,2048,2.39
RedisBenchmark.Set,RedisBenchmarkDotNet,RedisBenchmark,Set,Default,Default,Default,Default,Default,Default,Default,Default,Default,Default,Default,Default,Default,Default,Default,Default,Default,Default,Default,Default,Default,Default,Default,Default,Default,Default,Default,Default,Default,Default,Default,Default,Default,Default,Default,Default,Default,Default,Default,Default,Default,DefaultJob,,1,Overhead,Actual,7,6700,2048,3.27
RedisBenchmark.Set,RedisBenchmarkDotNet,RedisBenchmark,Set,Default,Default,Default,Default,Default,Default,Default,Default,Default,Default,Default,Default,Default,Default,Default,Default,Default,Default,Default,Default,Default,Default,Default,Default,Default,Default,Default,Default,Default,Default,Default,Default,Default,Default,Default,Default,Default,Default,Default,Default,Default,DefaultJob,,1,Overhead,Actual,8,7000,2048,3.42
RedisBenchmark.Set,RedisBenchmarkDotNet,RedisBenchmark,Set,Default,Default,Default,Default,Default,Default,Default,Default,Default,Default,Default,Default,Default,Default,Default,Default,Default,Default,Default,Default,Default,Default,Default,Default,Default,Default,Default,Default,Default,Default,Default,Default,Default,Default,Default,Default,Default,Default,Default,Default,Default,DefaultJob,,1,Overhead,Actual,9,4800,2048,2.34
RedisBenchmark.Set,RedisBenchmarkDotNet,RedisBenchmark,Set,Default,Default,Default,Default,Default,Default,Default,Default,Default,Default,Default,Default,Default,Default,Default,Default,Default,Default,Default,Default,Default,Default,Default,Default,Default,Default,Default,Default,Default,Default,Default,Default,Default,Default,Default,Default,Default,Default,Default,Default,Default,DefaultJob,,1,Overhead,Actual,10,5400,2048,2.64
RedisBenchmark.Set,RedisBenchmarkDotNet,RedisBenchmark,Set,Default,Default,Default,Default,Default,Default,Default,Default,Default,Default,Default,Default,Default,Default,Default,Default,Default,Default,Default,Default,Default,Default,Default,Default,Default,Default,Default,Default,Default,Default,Default,Default,Default,Default,Default,Default,Default,Default,Default,Default,Default,DefaultJob,,1,Overhead,Actual,11,4700,2048,2.29
RedisBenchmark.Set,RedisBenchmarkDotNet,RedisBenchmark,Set,Default,Default,Default,Default,Default,Default,Default,Default,Default,Default,Default,Default,Default,Default,Default,Default,Default,Default,Default,Default,Default,Default,Default,Default,Default,Default,Default,Default,Default,Default,Default,Default,Default,Default,Default,Default,Default,Default,Default,Default,Default,DefaultJob,,1,Overhead,Actual,12,5000,2048,2.44
RedisBenchmark.Set,RedisBenchmarkDotNet,RedisBenchmark,Set,Default,Default,Default,Default,Default,Default,Default,Default,Default,Default,Default,Default,Default,Default,Default,Default,Default,Default,Default,Default,Default,Default,Default,Default,Default,Default,Default,Default,Default,Default,Default,Default,Default,Default,Default,Default,Default,Default,Default,Default,Default,DefaultJob,,1,Overhead,Actual,13,4700,2048,2.29
RedisBenchmark.Set,RedisBenchmarkDotNet,RedisBenchmark,Set,Default,Default,Default,Default,Default,Default,Default,Default,Default,Default,Default,Default,Default,Default,Default,Default,Default,Default,Default,Default,Default,Default,Default,Default,Default,Default,Default,Default,Default,Default,Default,Default,Default,Default,Default,Default,Default,Default,Default,Default,Default,DefaultJob,,1,Overhead,Actual,14,14100,2048,6.88
RedisBenchmark.Set,RedisBenchmarkDotNet,RedisBenchmark,Set,Default,Default,Default,Default,Default,Default,Default,Default,Default,Default,Default,Default,Default,Default,Default,Default,Default,Default,Default,Default,Default,Default,Default,Default,Default,Default,Default,Default,Default,Default,Default,Default,Default,Default,Default,Default,Default,Default,Default,Default,Default,DefaultJob,,1,Overhead,Actual,15,4700,2048,2.29
RedisBenchmark.Set,RedisBenchmarkDotNet,RedisBenchmark,Set,Default,Default,Default,Default,Default,Default,Default,Default,Default,Default,Default,Default,Default,Default,Default,Default,Default,Default,Default,Default,Default,Default,Default,Default,Default,Default,Default,Default,Default,Default,Default,Default,Default,Default,Default,Default,Default,Default,Default,Default,Default,DefaultJob,,1,Overhead,Actual,16,4700,2048,2.29
RedisBenchmark.Set,RedisBenchmarkDotNet,RedisBenchmark,Set,Default,Default,Default,Default,Default,Default,Default,Default,Default,Default,Default,Default,Default,Default,Default,Default,Default,Default,Default,Default,Default,Default,Default,Default,Default,Default,Default,Default,Default,Default,Default,Default,Default,Default,Default,Default,Default,Default,Default,Default,Default,DefaultJob,,1,Overhead,Actual,17,5700,2048,2.78
RedisBenchmark.Set,RedisBenchmarkDotNet,RedisBenchmark,Set,Default,Default,Default,Default,Default,Default,Default,Default,Default,Default,Default,Default,Default,Default,Default,Default,Default,Default,Default,Default,Default,Default,Default,Default,Default,Default,Default,Default,Default,Default,Default,Default,Default,Default,Default,Default,Default,Default,Default,Default,Default,DefaultJob,,1,Overhead,Actual,18,8800,2048,4.3
RedisBenchmark.Set,RedisBenchmarkDotNet,RedisBenchmark,Set,Default,Default,Default,Default,Default,Default,Default,Default,Default,Default,Default,Default,Default,Default,Default,Default,Default,Default,Default,Default,Default,Default,Default,Default,Default,Default,Default,Default,Default,Default,Default,Default,Default,Default,Default,Default,Default,Default,Default,Default,Default,DefaultJob,,1,Overhead,Actual,19,5100,2048,2.49
RedisBenchmark.Set,RedisBenchmarkDotNet,RedisBenchmark,Set,Default,Default,Default,Default,Default,Default,Default,Default,Default,Default,Default,Default,Default,Default,Default,Default,Default,Default,Default,Default,Default,Default,Default,Default,Default,Default,Default,Default,Default,Default,Default,Default,Default,Default,Default,Default,Default,Default,Default,Default,Default,DefaultJob,,1,Overhead,Actual,20,4700,2048,2.29
RedisBenchmark.Set,RedisBenchmarkDotNet,RedisBenchmark,Set,Default,Default,Default,Default,Default,Default,Default,Default,Default,Default,Default,Default,Default,Default,Default,Default,Default,Default,Default,Default,Default,Default,Default,Default,Default,Default,Default,Default,Default,Default,Default,Default,Default,Default,Default,Default,Default,Default,Default,Default,Default,DefaultJob,,1,Workload,Warmup,1,685182400,2048,334561.72
RedisBenchmark.Set,RedisBenchmarkDotNet,RedisBenchmark,Set,Default,Default,Default,Default,Default,Default,Default,Default,Default,Default,Default,Default,Default,Default,Default,Default,Default,Default,Default,Default,Default,Default,Default,Default,Default,Default,Default,Default,Default,Default,Default,Default,Default,Default,Default,Default,Default,Default,Default,Default,Default,DefaultJob,,1,Workload,Warmup,2,663601500,2048,324024.17
RedisBenchmark.Set,RedisBenchmarkDotNet,RedisBenchmark,Set,Default,Default,Default,Default,Default,Default,Default,Default,Default,Default,Default,Default,Default,Default,Default,Default,Default,Default,Default,Default,Default,Default,Default,Default,Default,Default,Default,Default,Default,Default,Default,Default,Default,Default,Default,Default,Default,Default,Default,Default,Default,DefaultJob,,1,Workload,Warmup,3,664771900,2048,324595.65
RedisBenchmark.Set,RedisBenchmarkDotNet,RedisBenchmark,Set,Default,Default,Default,Default,Default,Default,Default,Default,Default,Default,Default,Default,Default,Default,Default,Default,Default,Default,Default,Default,Default,Default,Default,Default,Default,Default,Default,Default,Default,Default,Default,Default,Default,Default,Default,Default,Default,Default,Default,Default,Default,DefaultJob,,1,Workload,Warmup,4,669046400,2048,326682.81
RedisBenchmark.Set,RedisBenchmarkDotNet,RedisBenchmark,Set,Default,Default,Default,Default,Default,Default,Default,Default,Default,Default,Default,Default,Default,Default,Default,Default,Default,Default,Default,Default,Default,Default,Default,Default,Default,Default,Default,Default,Default,Default,Default,Default,Default,Default,Default,Default,Default,Default,Default,Default,Default,DefaultJob,,1,Workload,Warmup,5,671187700,2048,327728.37
RedisBenchmark.Set,RedisBenchmarkDotNet,RedisBenchmark,Set,Default,Default,Default,Default,Default,Default,Default,Default,Default,Default,Default,Default,Default,Default,Default,Default,Default,Default,Default,Default,Default,Default,Default,Default,Default,Default,Default,Default,Default,Default,Default,Default,Default,Default,Default,Default,Default,Default,Default,Default,Default,DefaultJob,,1,Workload,Warmup,6,664643200,2048,324532.81
RedisBenchmark.Set,RedisBenchmarkDotNet,RedisBenchmark,Set,Default,Default,Default,Default,Default,Default,Default,Default,Default,Default,Default,Default,Default,Default,Default,Default,Default,Default,Default,Default,Default,Default,Default,Default,Default,Default,Default,Default,Default,Default,Default,Default,Default,Default,Default,Default,Default,Default,Default,Default,Default,DefaultJob,,1,Workload,Warmup,7,667737700,2048,326043.8
RedisBenchmark.Set,RedisBenchmarkDotNet,RedisBenchmark,Set,Default,Default,Default,Default,Default,Default,Default,Default,Default,Default,Default,Default,Default,Default,Default,Default,Default,Default,Default,Default,Default,Default,Default,Default,Default,Default,Default,Default,Default,Default,Default,Default,Default,Default,Default,Default,Default,Default,Default,Default,Default,DefaultJob,,1,Workload,Warmup,8,671945500,2048,328098.39
RedisBenchmark.Set,RedisBenchmarkDotNet,RedisBenchmark,Set,Default,Default,Default,Default,Default,Default,Default,Default,Default,Default,Default,Default,Default,Default,Default,Default,Default,Default,Default,Default,Default,Default,Default,Default,Default,Default,Default,Default,Default,Default,Default,Default,Default,Default,Default,Default,Default,Default,Default,Default,Default,DefaultJob,,1,Workload,Warmup,9,664644600,2048,324533.5
RedisBenchmark.Set,RedisBenchmarkDotNet,RedisBenchmark,Set,Default,Default,Default,Default,Default,Default,Default,Default,Default,Default,Default,Default,Default,Default,Default,Default,Default,Default,Default,Default,Default,Default,Default,Default,Default,Default,Default,Default,Default,Default,Default,Default,Default,Default,Default,Default,Default,Default,Default,Default,Default,DefaultJob,,1,Workload,Actual,1,671427900,2048,327845.65
RedisBenchmark.Set,RedisBenchmarkDotNet,RedisBenchmark,Set,Default,Default,Default,Default,Default,Default,Default,Default,Default,Default,Default,Default,Default,Default,Default,Default,Default,Default,Default,Default,Default,Default,Default,Default,Default,Default,Default,Default,Default,Default,Default,Default,Default,Default,Default,Default,Default,Default,Default,Default,Default,DefaultJob,,1,Workload,Actual,2,663555200,2048,324001.56
RedisBenchmark.Set,RedisBenchmarkDotNet,RedisBenchmark,Set,Default,Default,Default,Default,Default,Default,Default,Default,Default,Default,Default,Default,Default,Default,Default,Default,Default,Default,Default,Default,Default,Default,Default,Default,Default,Default,Default,Default,Default,Default,Default,Default,Default,Default,Default,Default,Default,Default,Default,Default,Default,DefaultJob,,1,Workload,Actual,3,664918000,2048,324666.99
RedisBenchmark.Set,RedisBenchmarkDotNet,RedisBenchmark,Set,Default,Default,Default,Default,Default,Default,Default,Default,Default,Default,Default,Default,Default,Default,Default,Default,Default,Default,Default,Default,Default,Default,Default,Default,Default,Default,Default,Default,Default,Default,Default,Default,Default,Default,Default,Default,Default,Default,Default,Default,Default,DefaultJob,,1,Workload,Actual,4,672224900,2048,328234.81
RedisBenchmark.Set,RedisBenchmarkDotNet,RedisBenchmark,Set,Default,Default,Default,Default,Default,Default,Default,Default,Default,Default,Default,Default,Default,Default,Default,Default,Default,Default,Default,Default,Default,Default,Default,Default,Default,Default,Default,Default,Default,Default,Default,Default,Default,Default,Default,Default,Default,Default,Default,Default,Default,DefaultJob,,1,Workload,Actual,5,667575800,2048,325964.75
RedisBenchmark.Set,RedisBenchmarkDotNet,RedisBenchmark,Set,Default,Default,Default,Default,Default,Default,Default,Default,Default,Default,Default,Default,Default,Default,Default,Default,Default,Default,Default,Default,Default,Default,Default,Default,Default,Default,Default,Default,Default,Default,Default,Default,Default,Default,Default,Default,Default,Default,Default,Default,Default,DefaultJob,,1,Workload,Actual,6,667482900,2048,325919.38
RedisBenchmark.Set,RedisBenchmarkDotNet,RedisBenchmark,Set,Default,Default,Default,Default,Default,Default,Default,Default,Default,Default,Default,Default,Default,Default,Default,Default,Default,Default,Default,Default,Default,Default,Default,Default,Default,Default,Default,Default,Default,Default,Default,Default,Default,Default,Default,Default,Default,Default,Default,Default,Default,DefaultJob,,1,Workload,Actual,7,670571700,2048,327427.59
RedisBenchmark.Set,RedisBenchmarkDotNet,RedisBenchmark,Set,Default,Default,Default,Default,Default,Default,Default,Default,Default,Default,Default,Default,Default,Default,Default,Default,Default,Default,Default,Default,Default,Default,Default,Default,Default,Default,Default,Default,Default,Default,Default,Default,Default,Default,Default,Default,Default,Default,Default,Default,Default,DefaultJob,,1,Workload,Actual,8,677061500,2048,330596.44
RedisBenchmark.Set,RedisBenchmarkDotNet,RedisBenchmark,Set,Default,Default,Default,Default,Default,Default,Default,Default,Default,Default,Default,Default,Default,Default,Default,Default,Default,Default,Default,Default,Default,Default,Default,Default,Default,Default,Default,Default,Default,Default,Default,Default,Default,Default,Default,Default,Default,Default,Default,Default,Default,DefaultJob,,1,Workload,Actual,9,667820400,2048,326084.18
RedisBenchmark.Set,RedisBenchmarkDotNet,RedisBenchmark,Set,Default,Default,Default,Default,Default,Default,Default,Default,Default,Default,Default,Default,Default,Default,Default,Default,Default,Default,Default,Default,Default,Default,Default,Default,Default,Default,Default,Default,Default,Default,Default,Default,Default,Default,Default,Default,Default,Default,Default,Default,Default,DefaultJob,,1,Workload,Actual,10,663617400,2048,324031.93
RedisBenchmark.Set,RedisBenchmarkDotNet,RedisBenchmark,Set,Default,Default,Default,Default,Default,Default,Default,Default,Default,Default,Default,Default,Default,Default,Default,Default,Default,Default,Default,Default,Default,Default,Default,Default,Default,Default,Default,Default,Default,Default,Default,Default,Default,Default,Default,Default,Default,Default,Default,Default,Default,DefaultJob,,1,Workload,Actual,11,668978000,2048,326649.41
RedisBenchmark.Set,RedisBenchmarkDotNet,RedisBenchmark,Set,Default,Default,Default,Default,Default,Default,Default,Default,Default,Default,Default,Default,Default,Default,Default,Default,Default,Default,Default,Default,Default,Default,Default,Default,Default,Default,Default,Default,Default,Default,Default,Default,Default,Default,Default,Default,Default,Default,Default,Default,Default,DefaultJob,,1,Workload,Actual,12,667993700,2048,326168.8
RedisBenchmark.Set,RedisBenchmarkDotNet,RedisBenchmark,Set,Default,Default,Default,Default,Default,Default,Default,Default,Default,Default,Default,Default,Default,Default,Default,Default,Default,Default,Default,Default,Default,Default,Default,Default,Default,Default,Default,Default,Default,Default,Default,Default,Default,Default,Default,Default,Default,Default,Default,Default,Default,DefaultJob,,1,Workload,Actual,13,668009800,2048,326176.66
RedisBenchmark.Set,RedisBenchmarkDotNet,RedisBenchmark,Set,Default,Default,Default,Default,Default,Default,Default,Default,Default,Default,Default,Default,Default,Default,Default,Default,Default,Default,Default,Default,Default,Default,Default,Default,Default,Default,Default,Default,Default,Default,Default,Default,Default,Default,Default,Default,Default,Default,Default,Default,Default,DefaultJob,,1,Workload,Actual,14,673285300,2048,328752.59
RedisBenchmark.Set,RedisBenchmarkDotNet,RedisBenchmark,Set,Default,Default,Default,Default,Default,Default,Default,Default,Default,Default,Default,Default,Default,Default,Default,Default,Default,Default,Default,Default,Default,Default,Default,Default,Default,Default,Default,Default,Default,Default,Default,Default,Default,Default,Default,Default,Default,Default,Default,Default,Default,DefaultJob,,1,Workload,Actual,15,665349400,2048,324877.64
RedisBenchmark.Set,RedisBenchmarkDotNet,RedisBenchmark,Set,Default,Default,Default,Default,Default,Default,Default,Default,Default,Default,Default,Default,Default,Default,Default,Default,Default,Default,Default,Default,Default,Default,Default,Default,Default,Default,Default,Default,Default,Default,Default,Default,Default,Default,Default,Default,Default,Default,Default,Default,Default,DefaultJob,,1,Workload,Result,1,671422850,2048,327843.19
RedisBenchmark.Set,RedisBenchmarkDotNet,RedisBenchmark,Set,Default,Default,Default,Default,Default,Default,Default,Default,Default,Default,Default,Default,Default,Default,Default,Default,Default,Default,Default,Default,Default,Default,Default,Default,Default,Default,Default,Default,Default,Default,Default,Default,Default,Default,Default,Default,Default,Default,Default,Default,Default,DefaultJob,,1,Workload,Result,2,663550150,2048,323999.1
RedisBenchmark.Set,RedisBenchmarkDotNet,RedisBenchmark,Set,Default,Default,Default,Default,Default,Default,Default,Default,Default,Default,Default,Default,Default,Default,Default,Default,Default,Default,Default,Default,Default,Default,Default,Default,Default,Default,Default,Default,Default,Default,Default,Default,Default,Default,Default,Default,Default,Default,Default,Default,Default,DefaultJob,,1,Workload,Result,3,664912950,2048,324664.53
RedisBenchmark.Set,RedisBenchmarkDotNet,RedisBenchmark,Set,Default,Default,Default,Default,Default,Default,Default,Default,Default,Default,Default,Default,Default,Default,Default,Default,Default,Default,Default,Default,Default,Default,Default,Default,Default,Default,Default,Default,Default,Default,Default,Default,Default,Default,Default,Default,Default,Default,Default,Default,Default,DefaultJob,,1,Workload,Result,4,672219850,2048,328232.35
RedisBenchmark.Set,RedisBenchmarkDotNet,RedisBenchmark,Set,Default,Default,Default,Default,Default,Default,Default,Default,Default,Default,Default,Default,Default,Default,Default,Default,Default,Default,Default,Default,Default,Default,Default,Default,Default,Default,Default,Default,Default,Default,Default,Default,Default,Default,Default,Default,Default,Default,Default,Default,Default,DefaultJob,,1,Workload,Result,5,667570750,2048,325962.28
RedisBenchmark.Set,RedisBenchmarkDotNet,RedisBenchmark,Set,Default,Default,Default,Default,Default,Default,Default,Default,Default,Default,Default,Default,Default,Default,Default,Default,Default,Default,Default,Default,Default,Default,Default,Default,Default,Default,Default,Default,Default,Default,Default,Default,Default,Default,Default,Default,Default,Default,Default,Default,Default,DefaultJob,,1,Workload,Result,6,667477850,2048,325916.92
RedisBenchmark.Set,RedisBenchmarkDotNet,RedisBenchmark,Set,Default,Default,Default,Default,Default,Default,Default,Default,Default,Default,Default,Default,Default,Default,Default,Default,Default,Default,Default,Default,Default,Default,Default,Default,Default,Default,Default,Default,Default,Default,Default,Default,Default,Default,Default,Default,Default,Default,Default,Default,Default,DefaultJob,,1,Workload,Result,7,670566650,2048,327425.12
RedisBenchmark.Set,RedisBenchmarkDotNet,RedisBenchmark,Set,Default,Default,Default,Default,Default,Default,Default,Default,Default,Default,Default,Default,Default,Default,Default,Default,Default,Default,Default,Default,Default,Default,Default,Default,Default,Default,Default,Default,Default,Default,Default,Default,Default,Default,Default,Default,Default,Default,Default,Default,Default,DefaultJob,,1,Workload,Result,8,677056450,2048,330593.97
RedisBenchmark.Set,RedisBenchmarkDotNet,RedisBenchmark,Set,Default,Default,Default,Default,Default,Default,Default,Default,Default,Default,Default,Default,Default,Default,Default,Default,Default,Default,Default,Default,Default,Default,Default,Default,Default,Default,Default,Default,Default,Default,Default,Default,Default,Default,Default,Default,Default,Default,Default,Default,Default,DefaultJob,,1,Workload,Result,9,667815350,2048,326081.71
RedisBenchmark.Set,RedisBenchmarkDotNet,RedisBenchmark,Set,Default,Default,Default,Default,Default,Default,Default,Default,Default,Default,Default,Default,Default,Default,Default,Default,Default,Default,Default,Default,Default,Default,Default,Default,Default,Default,Default,Default,Default,Default,Default,Default,Default,Default,Default,Default,Default,Default,Default,Default,Default,DefaultJob,,1,Workload,Result,10,663612350,2048,324029.47
RedisBenchmark.Set,RedisBenchmarkDotNet,RedisBenchmark,Set,Default,Default,Default,Default,Default,Default,Default,Default,Default,Default,Default,Default,Default,Default,Default,Default,Default,Default,Default,Default,Default,Default,Default,Default,Default,Default,Default,Default,Default,Default,Default,Default,Default,Default,Default,Default,Default,Default,Default,Default,Default,DefaultJob,,1,Workload,Result,11,668972950,2048,326646.95
RedisBenchmark.Set,RedisBenchmarkDotNet,RedisBenchmark,Set,Default,Default,Default,Default,Default,Default,Default,Default,Default,Default,Default,Default,Default,Default,Default,Default,Default,Default,Default,Default,Default,Default,Default,Default,Default,Default,Default,Default,Default,Default,Default,Default,Default,Default,Default,Default,Default,Default,Default,Default,Default,DefaultJob,,1,Workload,Result,12,667988650,2048,326166.33
RedisBenchmark.Set,RedisBenchmarkDotNet,RedisBenchmark,Set,Default,Default,Default,Default,Default,Default,Default,Default,Default,Default,Default,Default,Default,Default,Default,Default,Default,Default,Default,Default,Default,Default,Default,Default,Default,Default,Default,Default,Default,Default,Default,Default,Default,Default,Default,Default,Default,Default,Default,Default,Default,DefaultJob,,1,Workload,Result,13,668004750,2048,326174.19
RedisBenchmark.Set,RedisBenchmarkDotNet,RedisBenchmark,Set,Default,Default,Default,Default,Default,Default,Default,Default,Default,Default,Default,Default,Default,Default,Default,Default,Default,Default,Default,Default,Default,Default,Default,Default,Default,Default,Default,Default,Default,Default,Default,Default,Default,Default,Default,Default,Default,Default,Default,Default,Default,DefaultJob,,1,Workload,Result,14,673280250,2048,328750.12
RedisBenchmark.Set,RedisBenchmarkDotNet,RedisBenchmark,Set,Default,Default,Default,Default,Default,Default,Default,Default,Default,Default,Default,Default,Default,Default,Default,Default,Default,Default,Default,Default,Default,Default,Default,Default,Default,Default,Default,Default,Default,Default,Default,Default,Default,Default,Default,Default,Default,Default,Default,Default,Default,DefaultJob,,1,Workload,Result,15,665344350,2048,324875.17
